Timestamp,Email Address,Gym Name,Gym Website,Gym Phone Number,Google Maps Link,Climbing,Bouldering Wall Height (ft),Rope Wall Height (ft),Campus Board,Spray Wall,Kilter Board [7x10 (Home)],Kilter Board [8x12],Kilter Board [12x12],Kilter Board [16x12],Tension Board [Tension 1 8x10 Full Set],Tension Board [Tension 1 8x10 Set A],Tension Board [Tension 1 8x10 Set B],Tension Board [Tension 1 8x10 Set C],Tension Board [Tension 1 8x12 Full Set],Tension Board [Tension 1 8x12 Set A],Tension Board [Tension 1 8x12 Set B],Tension Board [Tension 1 8x12 Set C],Tension Board [Tension 2 8x10 Spray],Tension Board [Tension 2 8x10 Mirror],Tension Board [Tension 2 8x12 Spray],Tension Board [Tension 2 8x12 Mirror],Tension Board [Tension 2 12x10 Spray],Tension Board [Tension 2 12x10 Mirror],Tension Board [Tension 2 12x12 Spray],Tension Board [Tension 2 12x12 Mirror],MoonBoard [MoonBoard 2016],MoonBoard [MoonBoard 2017],MoonBoard [MoonBoard 2019],MoonBoard [MoonBoard 2024],MoonBoard [MoonBoard Mini 2020],Fitness,Where there any questions you were unsure of your answers on?,Feel free to add any notes or comments as you see fit about this gym!
2024-04-02T09:36:12Z,gus.lipkin@gmail.com,Movement Denton,https://movementgyms.com/denton/,19408081107,"https://www.google.com/maps/place/Movement+Denton/@33.21583,-97.1451016,15z/data=!3m1!4b1!4m6!3m5!1s0x864dca8a14fbc561:0x765e25adb1d68cb9!8m2!3d33.2158304!4d-97.1348019!16s%2Fg%2F11bwh5w7sl?entry=ttu","Bouldering, Auto Belay",14,NA,Yes,,NA,Adjustable,NA,NA,NA,NA,NA,NA,,NA,NA,NA,NA,NA,NA,NA,NA,NA,NA,NA,,,NA,NA,NA,"Cardio Machines, Free Weights, Yoga Studio",NA,NA
2024-04-02T09:32:41Z,gus.lipkin@gmail.com,Movement Design District,https://movementgyms.com/design-district/,14699415100,"https://www.google.com/maps/place/Movement+Design+District/@32.7899383,-96.8334333,15z/data=!3m1!4b1!4m6!3m5!1s0x864e997833e8e8e3:0xc7a41fa9db91416b!8m2!3d32.7899387!4d-96.8231336!16s%2Fg%2F11rxlgkxf9?entry=ttu","Bouldering, Top Rope, Lead, Speed",NA,56,Yes,,NA,NA,Adjustable,NA,NA,NA,NA,NA,,NA,NA,NA,NA,NA,NA,NA,NA,NA,NA,NA,,,NA,NA,NA,"Cardio Machines, Free Weights, Yoga Studio",partial 12x12 tension 2 mirror board,NA
2024-04-02T09:26:52Z,gus.lipkin@gmail.com,Movement The Hill,https://movementgyms.com/the-hill/,12144473159,"https://www.google.com/maps/place/Movement+The+Hill/@32.8812541,-96.7788539,15z/data=!3m1!4b1!4m6!3m5!1s0x864e9fc78d6ba183:0x86e333356785ce0b!8m2!3d32.8812545!4d-96.7685542!16s%2Fg%2F11rxjlxs2z?entry=ttu",Bouldering,NA,NA,Yes,,NA,NA,Adjustable,NA,NA,NA,NA,NA,,NA,NA,NA,NA,NA,NA,NA,NA,NA,NA,NA,,,NA,NA,NA,"Cardio Machines, Free Weights, Weight Machines, Yoga Studio",NA,NA
2024-04-02T09:23:05Z,gus.lipkin@gmail.com,Movement Callowhill,https://movementgyms.com/callowhill/,12154447625,"https://www.google.com/maps/place/Movement+Callowhill+(Formerly+The+Cliffs+At+Callowhill)/@39.9586048,-75.1558168,17z/data=!3m1!4b1!4m6!3m5!1s0x89c6c70ea3f20a11:0x3bdb5662f740d18f!8m2!3d39.9586048!4d-75.1558168!16s%2Fg%2F11h7jn0vjb?entry=ttu","Bouldering, Top Rope, Lead, Auto Belay, Treadwall",NA,NA,Yes,,NA,NA,NA,NA,NA,NA,NA,NA,,NA,NA,NA,NA,NA,NA,NA,NA,NA,NA,NA,,,NA,NA,NA,"Cardio Machines, Free Weights, Yoga Studio",NA,NA
2024-03-22T20:54:39Z,gus.lipkin@gmail.com,Movement Portland,https://movementgyms.com/portland/,15034775666,"https://www.google.com/maps/place/Movement+Portland/@45.5331116,-122.6963497,15z/data=!3m1!4b1!4m6!3m5!1s0x549509fd0f8007b5:0x682e90431d709b1d!8m2!3d45.5331121!4d-122.68605!16s%2Fg%2F11b6dq4z5b?entry=ttu","Bouldering, Top Rope, Lead",18,55,Yes,,NA,Adjustable,NA,NA,NA,NA,NA,NA,,NA,NA,NA,NA,NA,NA,NA,NA,NA,NA,NA,,,NA,NA,NA,"Cardio Machines, Free Weights, Weight Machines, Yoga Studio",NA,NA
2024-03-22T20:45:22Z,gus.lipkin@gmail.com,Movement Valhalla,https://movementgyms.com/valhalla/,19143287625,"https://www.google.com/maps/place/Movement+Valhalla+(Formerly+The+Cliffs+at+Valhalla)/@41.0881637,-73.7975933,15z/data=!3m1!4b1!4m6!3m5!1s0x89c2be294905aa4f:0xf48230e227d07b69!8m2!3d41.0881642!4d-73.7872936!16s%2Fg%2F1tt1tmbn?entry=ttu","Bouldering, Top Rope, Lead, Auto Belay",NA,NA,Yes,,NA,NA,NA,NA,NA,NA,NA,NA,,NA,NA,NA,NA,NA,NA,NA,NA,NA,NA,NA,,,NA,NA,NA,Cardio Machines,NA,NA
2024-03-21T14:09:13Z,gus.lipkin@gmail.com,Movement LIC,https://movementgyms.com/lic/,17187297625,"https://www.google.com/maps/place/Movement+LIC+(Formerly+The+Cliffs+at+LIC)/@40.7485991,-73.9590403,15z/data=!3m2!4b1!5s0x89c25927c3e9e5f7:0x1ca3675a2abf6ee9!4m6!3m5!1s0x89c25927c411edc5:0x59ed14c2ffcc7b2b!8m2!3d40.7485996!4d-73.9487406!16s%2Fg%2F1pp2wwbd7?entry=ttu","Bouldering, Top Rope, Lead, Auto Belay",NA,45,Yes,,NA,NA,NA,NA,NA,NA,NA,NA,,NA,NA,NA,NA,NA,NA,NA,NA,NA,NA,NA,,,NA,NA,NA,"Cardio Machines, Free Weights, Yoga Studio",boards,NA
2024-03-21T14:02:43Z,gus.lipkin@gmail.com,Movement Harlem,https://movementgyms.com/harlem/,16469337625,"https://www.google.com/maps/place/Movement+Harlem+(Formerly+The+Cliffs+At+Harlem)/@40.8095772,-73.9502641,17z/data=!3m1!4b1!4m6!3m5!1s0x89c2f725d66dae3d:0xb6b717a38a1e7bd!8m2!3d40.8095772!4d-73.9502641!16s%2Fg%2F11fmdldbg1?entry=ttu",Bouldering,NA,NA,Yes,,NA,NA,NA,NA,NA,NA,NA,NA,,NA,NA,NA,NA,NA,NA,NA,NA,NA,NA,NA,,,NA,NA,NA,"Cardio Machines, Free Weights, Yoga Studio",NA,NA
2024-03-21T11:08:03Z,gus.lipkin@gmail.com,Movement Gowanus,https://movementgyms.com/gowanus/,19295677625,"https://www.google.com/maps/place/Movement+Gowanus+(Formerly+The+Cliffs+at+Gowanus)/@40.6813514,-73.9957254,15z/data=!3m1!4b1!4m6!3m5!1s0x89c25bde8ae22519:0x22c6df69ec0f8e8a!8m2!3d40.6813519!4d-73.9854257!16s%2Fg%2F11nxss51sj?entry=ttu","Bouldering, Top Rope, Lead, Auto Belay, Speed, Treadwall",NA,NA,No,,NA,NA,NA,NA,NA,NA,NA,NA,,NA,NA,NA,NA,NA,NA,NA,NA,NA,NA,NA,,,NA,NA,NA,"Cardio Machines, Free Weights, Weight Machines, Yoga Studio",NA,NA
2024-03-21T10:58:13Z,gus.lipkin@gmail.com,Movement Timonium,https://movementgyms.com/timonium/,14105605665,"https://www.google.com/maps/place/Movement+Timonium/@39.4323365,-76.6398713,15z/data=!3m1!4b1!4m6!3m5!1s0x89c80e22b10a073f:0x5de184eb354af9bb!8m2!3d39.432337!4d-76.6295716!16s%2Fg%2F1tcvq71n?entry=ttu","Bouldering, Top Rope, Lead",NA,51,No,,NA,NA,NA,NA,NA,NA,NA,NA,,NA,NA,NA,NA,NA,NA,NA,NA,NA,NA,NA,,,NA,NA,NA,"Cardio Machines, Free Weights, Weight Machines, Yoga Studio",NA,NA
2024-03-21T10:53:35Z,gus.lipkin@gmail.com,Movement Columbia,https://movementgyms.com/columbia/,14108720060,"https://www.google.com/maps/place/Movement+Columbia/@39.1779082,-76.8216577,15z/data=!3m1!4b1!4m6!3m5!1s0x89b7e091da639b7f:0x8a13b96e37d98e1a!8m2!3d39.1779087!4d-76.811358!16s%2Fg%2F1tc_m0sx?entry=ttu","Bouldering, Top Rope, Lead",NA,40,Yes,,NA,NA,NA,NA,NA,NA,NA,NA,,NA,NA,NA,NA,NA,NA,NA,NA,NA,NA,NA,,,NA,NA,NA,"Cardio Machines, Free Weights, Weight Machines, Yoga Studio",NA,NA
2024-03-20T13:56:39Z,gus.lipkin@gmail.com,Carabiner's Climbing & Fitness,https://carabiners.com/,15089840808,"https://www.google.com/maps/place/Carabiner's+Climbing+%26+Fitness/@41.6422217,-70.9583553,15z/data=!3m1!4b1!4m6!3m5!1s0x89e4e386d0bd2021:0xce4e306630d14bfe!8m2!3d41.6422222!4d-70.9480556!16s%2Fg%2F1thxx78d?entry=ttu","Bouldering, Top Rope, Lead, Auto Belay",NA,65,No,,NA,NA,NA,NA,NA,NA,NA,NA,,NA,NA,NA,NA,NA,NA,NA,NA,NA,NA,NA,,,NA,NA,NA,"Cardio Machines, Free Weights, Weight Machines, Yoga Studio",NA,NA
2024-03-20T13:46:08Z,gus.lipkin@gmail.com,Movement Rockville,https://movementgyms.com/rockville/,12402839942,"https://www.google.com/maps/place/Movement+Rockville/@39.0785431,-77.1537202,15z/data=!3m2!4b1!5s0x89b7cda168aae0e7:0x4761caaabcfb09fe!4m6!3m5!1s0x89b7cda14314ae75:0x7a5acd6fc72e0dab!8m2!3d39.0785436!4d-77.1434205!16s%2Fg%2F1tg2lkf6?entry=ttu","Bouldering, Top Rope, Lead, Speed",NA,45,Yes,,NA,NA,NA,NA,NA,NA,NA,NA,,NA,NA,NA,NA,NA,NA,NA,NA,NA,NA,NA,,,NA,NA,NA,"Cardio Machines, Free Weights, Weight Machines, Yoga Studio",NA,NA
2024-03-20T13:41:04Z,gus.lipkin@gmail.com,Movement Hampden,https://movementgyms.com/hampden/,14107598330,"https://www.google.com/maps/place/Movement+Hampden/@39.3356966,-76.6547546,15z/data=!3m1!4b1!4m6!3m5!1s0x89c81b9a30b40d43:0x3ee2930648d36867!8m2!3d39.3356971!4d-76.6444549!16s%2Fg%2F11ghg31gl2?entry=ttu",Bouldering,15,NA,Yes,,NA,NA,NA,NA,NA,NA,NA,NA,,NA,NA,NA,NA,NA,NA,NA,NA,NA,NA,NA,,,NA,NA,NA,"Cardio Machines, Free Weights, Weight Machines, Yoga Studio",NA,NA
2024-03-20T13:36:30Z,gus.lipkin@gmail.com,Movement Lincoln Park,https://movementgyms.com/lincoln-park/,13125794454,"https://www.google.com/maps/place/Movement+Lincoln+Park/@41.9084203,-87.6601328,15z/data=!3m1!4b1!4m6!3m5!1s0x880fd3f8f516e015:0xae718411136012a1!8m2!3d41.9084208!4d-87.6498331!16s%2Fg%2F11qjptk9dp?entry=ttu","Bouldering, Top Rope, Lead, Speed",NA,56,Yes,,NA,NA,Adjustable,NA,NA,NA,NA,NA,,NA,NA,NA,NA,NA,NA,NA,NA,NA,NA,NA,,,NA,NA,NA,"Cardio Machines, Free Weights, Weight Machines, Yoga Studio",NA,NA
2024-03-20T11:23:55Z,gus.lipkin@gmail.com,Movement Wrigleyville,https://movementgyms.com/wrigleyville/,18728179815,"https://www.google.com/maps/place/Movement+Wrigleyville/@41.94703,-87.6679584,15z/data=!3m1!4b1!4m6!3m5!1s0x880fd3b2f08e8e09:0xfd1e2d09c5581128!8m2!3d41.9470305!4d-87.6576587!16s%2Fg%2F11mvrg415b?entry=ttu",Bouldering,NA,NA,Yes,,NA,NA,Adjustable,NA,NA,NA,NA,NA,,NA,NA,NA,NA,NA,NA,NA,NA,NA,NA,NA,,,NA,NA,NA,"Cardio Machines, Free Weights, Weight Machines, Yoga Studio",NA,NA
2024-03-20T11:18:35Z,gus.lipkin@gmail.com,Movement Golden,https://movementgyms.com/golden/,13032229564,"https://www.google.com/maps/place/Movement+Golden/@39.7281144,-105.2175977,15z/data=!3m2!4b1!5s0x876b84b819438599:0x4732c8c4abe50840!4m6!3m5!1s0x876b84b81b31d761:0xb383b8585d9e0078!8m2!3d39.7281149!4d-105.207298!16s%2Fg%2F1ptz0lr3j?entry=ttu","Bouldering, Top Rope, Lead",NA,45,Yes,,NA,NA,NA,NA,NA,NA,NA,NA,,NA,NA,NA,NA,NA,NA,NA,NA,NA,NA,NA,,,NA,NA,NA,"Cardio Machines, Free Weights, Weight Machines, Yoga Studio",NA,NA
2024-03-20T11:13:56Z,gus.lipkin@gmail.com,Movement Boulder,https://movementgyms.com/boulder/,13034431505,"https://www.google.com/maps/place/Movement+Boulder/@40.030032,-105.2677732,15z/data=!3m1!4b1!4m6!3m5!1s0x876bee7bd2aa5b2f:0x9e6c4e0f3a81f826!8m2!3d40.0300325!4d-105.2574735!16s%2Fg%2F1tf16c6d?entry=ttu","Bouldering, Top Rope, Lead",NA,40,Yes,,NA,NA,NA,NA,NA,NA,NA,NA,,NA,NA,NA,NA,NA,NA,NA,NA,NA,NA,NA,,,NA,NA,NA,"Cardio Machines, Free Weights, Weight Machines, Yoga Studio",NA,NA
2024-03-20T11:11:02Z,gus.lipkin@gmail.com,Movement Baker,https://movementgyms.com/baker/,17204767800,"https://www.google.com/maps/place/Movement+Baker/@39.7252587,-105.0129306,15z/data=!3m1!4b1!4m6!3m5!1s0x876c7f3a197e3f19:0xf3fcb68788594b8b!8m2!3d39.7252592!4d-105.0026309!16s%2Fg%2F11b6g9wpc6?entry=ttu","Bouldering, Top Rope, Lead",NA,50,No,,NA,NA,NA,NA,NA,NA,NA,NA,,NA,NA,NA,NA,NA,NA,NA,NA,NA,NA,NA,,,NA,NA,NA,"Cardio Machines, Free Weights, Weight Machines, Yoga Studio",boards,NA
2024-03-20T11:08:03Z,gus.lipkin@gmail.com,Movement RiNo,https://movementgyms.com/rino/,17206673059,"https://www.google.com/maps/place/Movement+RiNo/@39.7652629,-104.9889728,15z/data=!3m1!4b1!4m6!3m5!1s0x876c791f5a7cef1b:0xfa47cd52b97791de!8m2!3d39.7652634!4d-104.9786731!16s%2Fg%2F11g0hl213z?entry=ttu",Bouldering,15,NA,Yes,,NA,NA,NA,NA,NA,NA,NA,NA,,NA,NA,NA,NA,NA,NA,NA,NA,NA,NA,NA,,,NA,NA,NA,"Cardio Machines, Free Weights, Weight Machines, Yoga Studio",NA,NA
2024-03-19T11:25:31Z,gus.lipkin@gmail.com,Movement Englewood,https://movementgyms.com/englewood/,13032423555,"https://www.google.com/maps/place/Movement+Englewood/@39.6498513,-105.0111427,15z/data=!3m1!4b1!4m6!3m5!1s0x876c81761d49c305:0x64f5e99b2c07ee78!8m2!3d39.6498518!4d-105.000843!16s%2Fg%2F11g072r2_s?entry=ttu","Bouldering, Top Rope, Lead, Speed",NA,60,Yes,,NA,Adjustable,NA,NA,NA,NA,NA,NA,,NA,NA,NA,NA,NA,NA,NA,NA,NA,NA,NA,,,NA,NA,NA,"Cardio Machines, Free Weights, Weight Machines, Yoga Studio",NA,NA
2024-03-19T11:19:56Z,gus.lipkin@gmail.com,Movement Belmont,https://movementgyms.com/belmont/,16505913030,"https://www.google.com/maps/place/Movement+Belmont/@37.5289816,-122.2977977,15z/data=!3m1!4b1!4m6!3m5!1s0x808f9f3e2502dadd:0xff05b93c29e04210!8m2!3d37.528982!4d-122.287498!16s%2Fg%2F1tgfdlv9?entry=ttu","Bouldering, Top Rope, Lead",NA,40,No,,NA,NA,NA,NA,NA,NA,NA,NA,,NA,NA,NA,NA,NA,NA,NA,NA,NA,NA,NA,,,NA,NA,NA,"Cardio Machines, Free Weights, Weight Machines, Yoga Studio",NA,NA
2024-03-19T11:16:26Z,gus.lipkin@gmail.com,Movement Sunnyvale,https://movementgyms.com/sunnyvale/,14089919090,"https://www.google.com/maps/place/Movement+Sunnyvale/@37.3842058,-122.0210556,15z/data=!3m1!4b1!4m6!3m5!1s0x808fb63eb3763753:0xd448d15aabe2f768!8m2!3d37.3842062!4d-122.0107559!16s%2Fg%2F1tfshmzd?entry=ttu","Bouldering, Top Rope, Lead",NA,50,Yes,,NA,NA,NA,NA,NA,NA,NA,NA,,NA,NA,NA,NA,NA,NA,NA,NA,NA,NA,NA,,,NA,NA,NA,"Cardio Machines, Free Weights, Weight Machines, Yoga Studio",NA,NA
2024-03-19T11:10:53Z,gus.lipkin@gmail.com,Movement San Francisco,https://movementgyms.com/san-francisco/,14156923434,"https://www.google.com/maps/place/Movement+San+Francisco/@37.8041706,-122.4784887,15z/data=!3m1!4b1!4m6!3m5!1s0x808586dd47dc1d61:0x8f70157ca433cc78!8m2!3d37.804171!4d-122.468189!16s%2Fg%2F1263_g492?entry=ttu","Bouldering, Top Rope, Lead",NA,40,Yes,,NA,NA,NA,NA,NA,NA,NA,NA,,NA,NA,NA,NA,NA,NA,NA,NA,NA,NA,NA,,,NA,NA,NA,"Cardio Machines, Free Weights, Weight Machines, Yoga Studio",kilter,NA
2024-03-19T11:02:04Z,gus.lipkin@gmail.com,Movement Fountain Valley,https://movementgyms.com/fountain-valley/,16572015054,"https://www.google.com/maps/place/Movement+Fountain+Valley/@33.700888,-117.9446233,15z/data=!3m1!4b1!4m6!3m5!1s0x80dd27a78a72f545:0x8605858ef7be14be!8m2!3d33.7008884!4d-117.9343236!16s%2Fg%2F11h_fr95gp?entry=ttu",Bouldering,15,NA,Yes,,NA,NA,Adjustable,NA,NA,NA,NA,NA,,NA,NA,NA,NA,NA,NA,NA,NA,NA,NA,NA,,,NA,NA,NA,"Cardio Machines, Free Weights, Weight Machines, Yoga Studio",NA,NA
2024-03-19T10:58:33Z,gus.lipkin@gmail.com,Movement Santa Clara,https://movementgyms.com/santa-clara/,16693426588,"https://www.google.com/maps/place/Movement+Santa+Clara/@37.3667313,-121.9582955,15z/data=!3m1!4b1!4m6!3m5!1s0x808fcb6aba9dbd55:0x5c51d01d1b38a6ef!8m2!3d37.3667317!4d-121.9479958!16s%2Fg%2F11fnbc477y?entry=ttu",Bouldering,15,NA,Yes,,NA,NA,Adjustable,NA,NA,NA,NA,NA,,NA,NA,NA,NA,NA,NA,NA,NA,NA,NA,NA,,,NA,NA,NA,"Cardio Machines, Free Weights, Weight Machines, Yoga Studio",NA,NA
2024-03-06T12:00:00Z,gus.lipkin@gmail.com,DC Bouldering Project,https://www.dcboulderingproject.com/,12026672404,"https://www.google.com/maps/place/Bouldering+Project/@38.9115979,-77.014297,15z/data=!3m1!4b1!4m6!3m5!1s0x89b7b91183aa4fad:0x5ca9b1b8b2b93c84!8m2!3d38.9115984!4d-77.0039973!16s%2Fg%2F11rb_w6pmm?entry=ttu",Bouldering,NA,NA,No,,NA,NA,NA,NA,NA,NA,NA,NA,,NA,NA,NA,NA,NA,NA,NA,NA,NA,NA,NA,,,NA,NA,NA,"Cardio Machines, Free Weights, Weight Machines, Yoga Studio",NA,NA
2024-03-06T11:56:01Z,gus.lipkin@gmail.com,"Seattle Bouldering Project, Poplar",https://seattleboulderingproject.com/,12062992300,"https://www.google.com/maps/place/Seattle+Bouldering+Project,+Poplar/@47.5934682,-122.3212461,15z/data=!3m2!4b1!5s0x54906a947c0dac93:0xceea0fcec5240cd6!4m6!3m5!1s0x54906a94784bad57:0xcb96c8b95f9ea169!8m2!3d47.5934687!4d-122.3109464!16s%2Fg%2F1tjdr0qb?entry=ttu","Bouldering, Treadwall",NA,NA,Yes,,NA,NA,NA,NA,NA,NA,NA,NA,,NA,NA,NA,NA,NA,NA,NA,NA,NA,NA,NA,,,NA,NA,NA,"Cardio Machines, Free Weights, Weight Machines, Yoga Studio",NA,NA
2024-03-06T11:25:25Z,gus.lipkin@gmail.com,Seattle Bouldering Project Upper Walls,https://boulderingproject.com/location/fremont-upper-walls/,12065358077,"https://www.google.com/maps/place/Seattle+Bouldering+Project+Upper+Walls/@47.6514078,-122.3519828,15z/data=!3m1!4b1!4m6!3m5!1s0x5490153937a05df5:0x73ed3a005981b061!8m2!3d47.6514083!4d-122.3416831!16s%2Fg%2F11j7gwx8dt?entry=ttu",Bouldering,NA,NA,No,,NA,NA,NA,NA,NA,NA,NA,NA,,NA,NA,NA,NA,NA,NA,NA,NA,NA,NA,NA,,,NA,NA,NA,Yoga Studio,NA,NA
2024-03-05T11:40:31Z,gus.lipkin@gmail.com,"Seattle Bouldering Project, Fremont",https://boulderingproject.com/location/fremont-upper-walls/,12064307757,"https://www.google.com/maps/place/Seattle+Bouldering+Project,+Fremont/@47.6502921,-122.3417288,15z/data=!4m6!3m5!1s0x549015c3c88a5bc3:0x3d06df7a0866199d!8m2!3d47.6502921!4d-122.3417288!16s%2Fg%2F11j0qwh6sg?entry=ttu",Bouldering,NA,NA,Yes,,NA,NA,NA,NA,NA,NA,NA,NA,,NA,NA,NA,NA,NA,NA,NA,NA,NA,NA,NA,,,NA,NA,NA,"Cardio Machines, Free Weights, Yoga Studio",decoy board?,NA
2024-03-05T11:35:56Z,gus.lipkin@gmail.com,Salt Lake Bouldering Project,https://boulderingproject.com/location/the-granary/,18014411387,"https://www.google.com/maps/place/Bouldering+Project/@40.7549587,-111.9133747,15z/data=!3m1!4b1!4m6!3m5!1s0x8752f57e96d69f45:0x9fb16a545363122b!8m2!3d40.7549592!4d-111.903075!16s%2Fg%2F11q4dz6dqn?entry=ttu",Bouldering,NA,NA,No,,NA,NA,NA,Adjustable,NA,NA,NA,NA,,NA,NA,NA,NA,NA,NA,NA,NA,NA,NA,Adjustable,,,NA,NA,NA,"Cardio Machines, Free Weights, Yoga Studio",NA,NA
2024-03-05T11:29:34Z,gus.lipkin@gmail.com,Tempe Bouldering Project,https://boulderingproject.com/location/tempe/,14807169014,"https://www.google.com/maps/place/Bouldering+Project/@33.4004145,-111.9529012,15z/data=!4m17!1m10!3m9!1s0x872b0f57a05bacb9:0xc48a32a8e8c4a9db!2sBouldering+Project!8m2!3d33.4004145!4d-111.9529012!10e5!14m1!1BCgIgAQ!16s%2Fg%2F11tp5nwy55!3m5!1s0x872b0f57a05bacb9:0xc48a32a8e8c4a9db!8m2!3d33.4004145!4d-111.9529012!16s%2Fg%2F11tp5nwy55?entry=ttu",Bouldering,17,NA,No,,NA,NA,NA,NA,NA,NA,NA,NA,,NA,NA,NA,NA,NA,NA,NA,NA,NA,NA,NA,,,NA,NA,NA,"Free Weights, Yoga Studio",NA,NA
2024-03-03T21:15:43Z,gus.lipkin@gmail.com,Minneapolis Bouldering Project,https://boulderingproject.com/location/west-river/,16123082800,"https://www.google.com/maps/place/Bouldering+Project/@44.9935482,-93.2878549,15z/data=!3m1!4b1!4m6!3m5!1s0x52b33263d98702a3:0x69dabdb25117ec73!8m2!3d44.9935487!4d-93.2775552!16s%2Fg%2F11c6zxsn9f?entry=ttu","Bouldering, Treadwall",NA,NA,Yes,,NA,NA,NA,NA,NA,NA,NA,NA,,NA,NA,NA,NA,NA,NA,NA,NA,NA,NA,NA,,,NA,NA,NA,"Free Weights, Yoga Studio",NA,NA
2024-03-01T10:55:32Z,gus.lipkin@gmail.com,Bouldering Project Brooklyn,https://boulderingproject.com/location/gowanus/,13478349066,"https://www.google.com/maps/place/Bouldering+Project+Brooklyn/@40.679661,-73.98424,15z/data=!4m6!3m5!1s0x89c25a54c112a4df:0x98fbecd81ba1563b!8m2!3d40.679661!4d-73.98424!16s%2Fg%2F1tct9msh?entry=ttu","Bouldering, Top Rope, Lead, Auto Belay",NA,NA,Yes,,NA,NA,Adjustable,NA,NA,NA,NA,NA,,NA,NA,NA,NA,NA,NA,NA,NA,NA,NA,Adjustable,,,NA,NA,NA,"Free Weights, Yoga Studio",random extra boards?,NA
2024-03-01T10:46:49Z,gus.lipkin@gmail.com,Boston Bouldering Project,https://boulderingproject.com/location/somerville/,16176236700,"https://www.google.com/maps/place/Bouldering+Project/@42.3817706,-71.1162273,15z/data=!3m2!4b1!5s0x89e37737ab4b95c9:0x7ae24c16e01080a2!4m6!3m5!1s0x89e377365810bec3:0xfe4e83648f71541a!8m2!3d42.3817711!4d-71.1059276!16s%2Fg%2F12ml2y0mf?entry=ttu","Bouldering, Top Rope, Lead, Auto Belay",NA,NA,Yes,,NA,NA,Adjustable,NA,NA,NA,NA,NA,,NA,NA,NA,NA,NA,Adjustable,NA,NA,NA,NA,NA,,,NA,NA,NA,"Cardio Machines, Free Weights, Weight Machines, Yoga Studio",Two kilter boards?,NA
2024-03-01T10:29:55Z,gus.lipkin@gmail.com,Austin Bouldering Project - Westgate,https://boulderingproject.com/location/westgate/,17372370899,"https://www.google.com/maps/place/Austin+Bouldering+Project+-+Westgate/@30.230762,-97.799361,17z/data=!3m1!4b1!4m6!3m5!1s0x865b4b7681d5db29:0xb123b7a5a7647f60!8m2!3d30.230762!4d-97.799361!16s%2Fg%2F11p0wdc5tw?entry=ttu",Bouldering,NA,NA,Yes,,NA,NA,Adjustable,NA,NA,NA,NA,NA,,NA,NA,NA,NA,NA,NA,NA,NA,NA,NA,NA,,,NA,NA,NA,"Cardio Machines, Free Weights, Yoga Studio",8x12 adjustable grasshopper,NA
2024-03-01T10:24:16Z,gus.lipkin@gmail.com,Austin Bouldering Project - Springdale,https://boulderingproject.com/location/springdale/,15126454633,"https://www.google.com/maps/place/Austin+Bouldering+Project+-+Springdale/@30.2307982,-97.8820133,11.99z/data=!4m6!3m5!1s0x8644b678e512c951:0xda1a7b96f97800bf!8m2!3d30.2631898!4d-97.6962578!16s%2Fg%2F11b6b8yf4j?entry=ttu","Bouldering, Treadwall",NA,NA,No,,NA,NA,NA,NA,NA,NA,NA,NA,,NA,NA,NA,NA,NA,NA,NA,NA,NA,NA,NA,,,NA,NA,NA,"Cardio Machines, Free Weights, Yoga Studio",NA,NA
2024-02-29T16:59:39Z,gus.lipkin@gmail.com,Rock Spot Climbing: Wallingford,https://wallingford.rockspotclimbing.com/,12032657880,"https://www.google.com/maps/place/Rock+Spot+Climbing:+Wallingford/@41.4549496,-72.8452131,15z/data=!3m1!4b1!4m6!3m5!1s0x89e7cef11c4db72b:0x89fc2c66ae083c07!8m2!3d41.4549501!4d-72.8349134!16s%2Fg%2F1tkmnl8n?entry=ttu","Bouldering, Top Rope, Lead, Auto Belay",NA,NA,Yes,,NA,NA,NA,NA,NA,NA,NA,NA,,NA,NA,NA,NA,NA,NA,NA,NA,NA,NA,NA,,,NA,NA,NA,NA,NA,NA
2024-02-29T14:59:27Z,gus.lipkin@gmail.com,"Rock Spot Climbing: Peace Dale, RI",https://peacedale.rockspotclimbing.com/,14017897768,"https://www.google.com/maps/place/Rock+Spot+Climbing:+Peace+Dale,+RI/@41.450564,-71.5074636,15z/data=!3m1!4b1!4m6!3m5!1s0x89e5b96bb37e9ea3:0xfefd52ee72f18b49!8m2!3d41.4505645!4d-71.4971639!16s%2Fg%2F1hjh11j97?entry=ttu","Bouldering, Top Rope, Lead, Auto Belay",14,45,Yes,,NA,NA,NA,NA,NA,NA,NA,NA,,NA,NA,NA,NA,NA,NA,NA,NA,NA,NA,NA,,,NA,NA,NA,Cardio Machines,NA,NA
2024-02-29T14:54:54Z,gus.lipkin@gmail.com,Rock Spot Climbing: Providence,https://providence.rockspotclimbing.com/,14012172772,"https://www.google.com/maps/place/Rock+Spot+Climbing/@41.8148126,-71.4928935,12z/data=!4m5!3m4!1s0x0:0x149ab345877b62ab!8m2!3d41.8146341!4d-71.4229345?shorturl=1","Bouldering, Treadwall",NA,NA,Yes,,NA,Adjustable,NA,NA,NA,NA,NA,NA,,NA,NA,NA,NA,NA,NA,NA,NA,NA,NA,NA,,,NA,NA,NA,"Cardio Machines, Free Weights",NA,NA
2024-02-29T14:50:58Z,gus.lipkin@gmail.com,Rock Spot Climbing: Lincoln,https://lincoln.rockspotclimbing.com/,14017271704,"https://www.google.com/maps/place/Rock+Spot+Climbing:+Lincoln,+RI/@41.886247,-71.4185783,15z/data=!3m1!4b1!4m6!3m5!1s0x89e4436888e44afd:0x663b581748cd9642!8m2!3d41.8862475!4d-71.4082786!16s%2Fg%2F1tdlj9dm?entry=ttu","Bouldering, Top Rope, Lead, Auto Belay",NA,NA,No,,NA,NA,NA,NA,NA,NA,NA,NA,,NA,NA,NA,NA,NA,NA,NA,NA,NA,NA,NA,,,NA,NA,NA,Yoga Studio,NA,NA
2024-02-29T14:46:20Z,gus.lipkin@gmail.com,Rock Spot Climbing: Boston-Dedham,https://boston.rockspotclimbing.com/,16173334433,"https://www.google.com/maps/place/Rock+Spot+Climbing:+Boston-Dedham/@42.2350634,-71.1486558,15z/data=!3m1!4b1!4m6!3m5!1s0x89e37e4976206a51:0x38ac7f3627969a33!8m2!3d42.2350639!4d-71.1383561!16s%2Fg%2F1tj58sfh?entry=ttu","Bouldering, Top Rope, Lead, Auto Belay",NA,NA,Yes,,NA,NA,NA,NA,NA,NA,NA,NA,,NA,NA,NA,NA,NA,NA,NA,NA,NA,NA,NA,,,NA,NA,NA,Yoga Studio,NA,NA
2024-02-20T09:48:48Z,gus.lipkin@gmail.com,Rock Spot Climbing: South Boston,https://southboston.rockspotclimbing.com/,16172692084,"https://www.google.com/maps/place/Rock+Spot+Climbing:+South+Boston/@42.3372292,-71.0666973,15z/data=!3m1!4b1!4m6!3m5!1s0x89e37a66b0eebac3:0x188c9d1a62feecdc!8m2!3d42.3372297!4d-71.0563976!16s%2Fg%2F11b6rxjkm3?entry=ttu","Bouldering, Top Rope, Lead, Auto Belay, Treadwall",NA,NA,No,,NA,NA,NA,NA,NA,NA,NA,NA,,NA,NA,NA,NA,NA,NA,NA,NA,NA,NA,NA,,,NA,NA,NA,"Free Weights, Yoga Studio",NA,NA
2024-02-20T09:41:53Z,gus.lipkin@gmail.com,"Rock Spot Climbing: Malden, MA",https://malden.rockspotclimbing.com/,13392105556,"https://www.google.com/maps/place/Rock+Spot+Climbing:+Malden,+MA/@42.4266907,-71.0732739,17z/data=!3m1!4b1!4m6!3m5!1s0x89e3714b1d458d85:0x494161f4a4dc3057!8m2!3d42.4266907!4d-71.0732739!16s%2Fg%2F11pzrl1wv3?entry=ttu",Bouldering,NA,NA,No,,NA,NA,NA,NA,NA,NA,NA,NA,,NA,NA,NA,NA,NA,NA,NA,NA,NA,NA,NA,,,NA,NA,NA,Cardio Machines,Decoy board,NA
2024-02-18T13:44:42Z,gus.lipkin@gmail.com,CRG Tampa,https://centralrockgym.com/tampa/,18134439856,"https://www.google.com/maps/place/Central+Rock+Gym/@27.894135,-82.520641,16z/data=!4m6!3m5!1s0x88c2dd81ab1d9137:0xa93213dfb742f5a0!8m2!3d27.8941347!4d-82.5206412!16s%2Fg%2F11k54ctl_k?hl=en&entry=ttu","Bouldering, Auto Belay",15,NA,Yes,,NA,NA,Adjustable,NA,NA,NA,NA,NA,,NA,NA,NA,NA,NA,NA,NA,NA,NA,NA,NA,,,NA,NA,NA,"Cardio Machines, Free Weights, Weight Machines, Yoga Studio",NA,NA
2024-02-18T13:39:59Z,gus.lipkin@gmail.com,CRG Orlando,https://centralrockgym.com/orlando/,14076010399,"https://www.google.com/maps/place/Central+Rock+Gym/@28.4487143,-81.4044588,17z/data=!3m2!4b1!5s0x88e77c4ac740def5:0xf0dbe397d134640c!4m6!3m5!1s0x88e77db7d3155881:0x9c28d5d780d3b892!8m2!3d28.4487143!4d-81.4044588!16s%2Fg%2F11v62ylvw1?hl=en&entry=ttu",Bouldering,15,NA,No,,NA,NA,NA,Adjustable,NA,NA,NA,NA,,NA,NA,NA,NA,NA,NA,NA,NA,NA,NA,NA,,,NA,NA,NA,"Cardio Machines, Free Weights, Weight Machines, Yoga Studio","Grasshopper, decoy",NA
2024-02-18T13:35:13Z,gus.lipkin@gmail.com,CRG Syracuse,https://centralrockgym.com/syracuse/,13156714450,"https://www.google.com/maps/place/Central+Rock+Gym/@43.057214,-76.157561,17z/data=!4m6!3m5!1s0x89d9f3c9861f39e3:0x2344323bab9faee5!8m2!3d43.0572144!4d-76.1575609!16s%2Fg%2F11gd1_67j2?hl=en&entry=ttu","Bouldering, Top Rope, Lead, Auto Belay",NA,45,Yes,,NA,NA,NA,NA,40,NA,NA,NA,,NA,NA,NA,NA,NA,NA,NA,NA,NA,NA,NA,,,40,NA,NA,"Cardio Machines, Free Weights, Yoga Studio",NA,NA
2024-02-18T13:26:29Z,gus.lipkin@gmail.com,CRG Rochester,https://centralrockgym.com/rochester/,15854419002,"https://www.google.com/maps/place/Central+Rock+Gym/@43.149942,-77.594439,17z/data=!4m6!3m5!1s0x89d6b50878e49509:0xa06b29090bec1e54!8m2!3d43.1499423!4d-77.5944386!16s%2Fg%2F11h0fyj6g2?hl=en&entry=ttu","Bouldering, Top Rope, Lead, Auto Belay",NA,45,Yes,,NA,NA,NA,NA,NA,NA,NA,NA,,NA,NA,NA,NA,NA,NA,NA,NA,NA,NA,NA,,,NA,NA,NA,"Cardio Machines, Free Weights, Weight Machines, Yoga Studio",NA,NA
2024-02-18T13:20:56Z,gus.lipkin@gmail.com,CRG Manhattan,https://centralrockgym.com/manhattan/,12122657625,"https://www.google.com/maps/place/Central+Rock+Gym/@40.772539,-73.990352,18z/data=!4m6!3m5!1s0x89c2585c3f4f91f1:0xeb17e26fe01a657b!8m2!3d40.7725386!4d-73.9903523!16s%2Fg%2F11g03phn9d?hl=en&entry=ttu","Bouldering, Top Rope, Auto Belay",NA,40,Yes,,NA,NA,NA,NA,NA,NA,NA,NA,,NA,NA,NA,NA,NA,NA,NA,NA,NA,NA,NA,,,NA,NA,NA,Free Weights,NA,NA
2024-02-18T13:15:26Z,gus.lipkin@gmail.com,CRG Chelsea,https://centralrockgym.com/chelsea/,16465902500,"https://www.google.com/maps/place/Central+Rock+Gym/@40.750993,-74.0041716,19z/data=!4m6!3m5!1s0x89c25931f081000f:0xc92958cda11dabcd!8m2!3d40.7510984!4d-74.0041661!16s%2Fg%2F11sdx_spm0?hl=en&entry=ttu",Bouldering,15,NA,No,,NA,Adjustable,NA,NA,NA,NA,NA,NA,,NA,NA,NA,NA,NA,Adjustable,NA,NA,NA,NA,NA,,,NA,NA,NA,"Cardio Machines, Free Weights",NA,NA
2024-02-18T10:35:21Z,gus.lipkin@gmail.com,CRG Buffalo,https://centralrockgym.com/buffalo/,17162620443,"https://www.google.com/maps/place/Central+Rock+Gym/@42.869783,-78.868455,17z/data=!4m6!3m5!1s0x89d313f889258573:0x7449281ebcaaab60!8m2!3d42.8697831!4d-78.8684551!16s%2Fg%2F11h0spyf8s?hl=en&entry=ttu","Bouldering, Top Rope, Lead, Auto Belay",NA,45,No,,NA,NA,NA,NA,NA,NA,NA,NA,,NA,NA,NA,NA,NA,NA,NA,NA,NA,NA,NA,,,NA,NA,NA,"Cardio Machines, Free Weights, Weight Machines, Yoga Studio",Moonboard? Tension 1 angle?,NA
2024-02-18T10:24:44Z,gus.lipkin@gmail.com,CRG Warwick,https://centralrockgym.com/warwick/,14018895452,"https://www.google.com/maps/place/Central+Rock+Gym/@41.730228,-71.48278,17z/data=!4m6!3m5!1s0x89e44bf95af53765:0x9ccaeda873163fab!8m2!3d41.7302284!4d-71.4827804!16s%2Fg%2F11dymbm37j?hl=en&entry=ttu","Bouldering, Top Rope, Lead, Auto Belay",17,33,Yes,,NA,NA,NA,NA,NA,NA,NA,NA,,NA,NA,NA,NA,NA,NA,NA,NA,NA,NA,NA,,,NA,NA,NA,"Cardio Machines, Free Weights, Yoga Studio",NA,NA
2024-02-15T16:54:49Z,gus.lipkin@gmail.com,CRG West Hartford,https://centralrockgym.com/west-hartford/,18603102556,"https://www.google.com/maps/place/Central+Rock+Gym/@41.7250814,-72.7301057,15z/data=!3m1!4b1!4m6!3m5!1s0x89e7adac3d495ad3:0xd909f314a6b4884d!8m2!3d41.7250819!4d-72.719806!16s%2Fg%2F11k9bs8z3p?entry=ttu",Bouldering,15,NA,Yes,,NA,NA,Adjustable,NA,NA,NA,NA,NA,,NA,NA,NA,NA,NA,NA,NA,NA,NA,NA,NA,,,NA,NA,NA,"Cardio Machines, Free Weights, Weight Machines, Yoga Studio",Decoy,NA
2024-02-15T16:51:21Z,gus.lipkin@gmail.com,CRG Glastonbury,https://centralrockgym.com/glastonbury/,18606598260,"https://www.google.com/maps/place/Central+Rock+Gym/@41.723398,-72.582553,17z/data=!4m6!3m5!1s0x89e6510920d34bd5:0xd5654c85fc836af2!8m2!3d41.7233982!4d-72.5825534!16s%2Fg%2F12cpl36q0?hl=en&entry=ttu","Bouldering, Top Rope, Lead, Auto Belay",NA,40,Yes,,NA,NA,NA,NA,NA,NA,NA,NA,,NA,NA,NA,NA,NA,NA,NA,NA,NA,NA,NA,,,NA,NA,NA,"Cardio Machines, Free Weights, Weight Machines, Yoga Studio",NA,NA
2024-02-15T16:39:04Z,gus.lipkin@gmail.com,Vital Climbing Brooklyn,https://www.vitalclimbinggym.com/brooklyn,17162208195,"https://www.google.com/maps/place/VITAL+Climbing+Gym+-+Brooklyn/@40.7227164,-73.9650753,15z/data=!3m1!4b1!4m6!3m5!1s0x89c259e401e31fa9:0xd06fde84754166a6!8m2!3d40.7227169!4d-73.9547756!16s%2Fg%2F11j0yvpp3c?entry=ttu",Bouldering,NA,NA,Yes,,NA,NA,Adjustable,NA,NA,NA,NA,NA,,NA,NA,NA,NA,NA,NA,NA,NA,Unknown,NA,NA,,,NA,NA,NA,"Cardio Machines, Free Weights, Weight Machines, Yoga Studio",NA,NA
2024-02-15T16:32:13Z,gus.lipkin@gmail.com,MetroRock Bushwick,https://bushwick.metrorock.com/bushwick-home,19295997625,"https://www.google.com/maps/place/MetroRock+Bushwick/@40.7080609,-73.9203297,17z/data=!3m2!4b1!5s0x89c25ea70df20e85:0x29e3e380af58b368!4m6!3m5!1s0x89c25ea7128f5eb7:0x8ed6f0def357a2c6!8m2!3d40.7080609!4d-73.9203297!16s%2Fg%2F11c76tzn3n?entry=ttu","Bouldering, Top Rope, Lead, Auto Belay",NA,NA,Yes,,Unknown,NA,NA,NA,NA,NA,NA,NA,,NA,NA,NA,NA,NA,NA,NA,NA,NA,NA,NA,,,NA,NA,NA,"Cardio Machines, Free Weights",NA,NA
2024-02-15T16:18:59Z,gus.lipkin@gmail.com,MetroRock Littleton,https://littleton.metrorock.com/littleton-home,19789907625,"https://www.google.com/maps/place/MetroRock+Littleton/@42.5526839,-71.482758,15z/data=!3m1!4b1!4m6!3m5!1s0x89e3975b3c3642d1:0x257b8b8fff14c98c!8m2!3d42.5526844!4d-71.4724583!16s%2Fg%2F11h0zqx11k?entry=ttu","Bouldering, Top Rope, Lead, Auto Belay",NA,NA,No,,NA,NA,Adjustable,NA,NA,NA,NA,NA,,NA,NA,NA,NA,NA,NA,NA,NA,NA,NA,NA,,,NA,NA,NA,"Cardio Machines, Free Weights, Weight Machines, Yoga Studio",NA,NA
2024-02-15T16:14:00Z,gus.lipkin@gmail.com,MetroRock Vermont,https://vt.metrorock.com/vermont-home,18028784500,"https://www.google.com/maps/place/MetroRock+Vermont/@44.5079394,-73.1519687,15z/data=!3m1!4b1!4m6!3m5!1s0x4cca70b4742bde51:0xb81a57995b9c3468!8m2!3d44.5079399!4d-73.141669!16s%2Fg%2F1q67h81rl?entry=ttu","Bouldering, Top Rope, Lead, Auto Belay",NA,NA,Yes,,NA,NA,NA,NA,NA,NA,NA,NA,,NA,NA,NA,NA,NA,NA,NA,NA,NA,NA,NA,,,NA,NA,NA,"Cardio Machines, Free Weights",NA,NA
2024-02-15T16:08:42Z,gus.lipkin@gmail.com,MetroRock Newburyport,https://nbpt.metrorock.com/nbpt-home,19784997625,"https://www.google.com/maps/place/MetroRock+Newburyport/@42.8022115,-70.890457,15z/data=!3m2!4b1!5s0x89e2e1bc5483c1b3:0x2fc0de1937215078!4m6!3m5!1s0x89e2e1bdab0c5e7b:0xc4bcc9ff7e6d64b0!8m2!3d42.802212!4d-70.8801573!16s%2Fg%2F1td77l5p?entry=ttu","Bouldering, Top Rope, Auto Belay",NA,NA,Yes,,NA,NA,NA,NA,NA,NA,NA,NA,,NA,NA,NA,NA,NA,NA,NA,NA,NA,NA,NA,,,NA,NA,NA,NA,NA,NA
2024-02-15T16:04:45Z,gus.lipkin@gmail.com,MetroRock Everett,https://metrorock.com/everett-home,16173877625,"https://www.google.com/maps/place/MetroRock+Climbing+Center/@42.4076153,-71.0774926,15z/data=!3m1!4b1!4m6!3m5!1s0x89e371142200c225:0x86658f5a7f34b222!8m2!3d42.4076158!4d-71.0671929!16s%2Fg%2F1wbrysyq?entry=ttu","Bouldering, Top Rope, Lead, Auto Belay",NA,NA,No,,NA,NA,NA,NA,NA,NA,NA,NA,,NA,NA,NA,NA,NA,NA,NA,NA,NA,NA,NA,,,NA,NA,NA,"Cardio Machines, Free Weights, Yoga Studio",NA,NA
2024-02-15T12:49:51Z,gus.lipkin@gmail.com,CRG Worcester,https://centralrockgym.com/worcester/,15088527625,"https://www.google.com/maps/place/Central+Rock+Gym/@42.29693,-71.797256,17z/data=!4m6!3m5!1s0x89e407bacdf18b41:0xe04912a5aee3eb77!8m2!3d42.2969298!4d-71.7972562!16s%2Fg%2F1tfq5nx3?hl=en&entry=ttu","Bouldering, Top Rope, Lead, Auto Belay",NA,42,Yes,,NA,NA,Adjustable,NA,NA,NA,NA,NA,,NA,NA,NA,NA,NA,NA,NA,NA,NA,NA,NA,,,NA,NA,NA,"Cardio Machines, Free Weights, Yoga Studio",NA,NA
2024-02-15T12:43:49Z,gus.lipkin@gmail.com,CRG Watertown,https://centralrockgym.com/watertown/,16177440081,"https://www.google.com/maps/place/Central+Rock+Gym/@42.369529,-71.198658,17z/data=!4m6!3m5!1s0x89e382aed38360bb:0x6c59748670876824!8m2!3d42.3695289!4d-71.1986579!16s%2Fg%2F1hm6j478y?hl=en&entry=ttu","Bouldering, Top Rope, Lead, Auto Belay, Speed",NA,48,Yes,,NA,NA,NA,NA,NA,NA,NA,NA,,NA,NA,NA,NA,NA,NA,NA,NA,NA,NA,NA,,,NA,NA,NA,"Cardio Machines, Free Weights, Yoga Studio",NA,NA
2024-02-15T12:36:47Z,gus.lipkin@gmail.com,CRG Waltham,https://centralrockgym.com/waltham/,17818940874,"https://www.google.com/maps/place/Central+Rock+Gym/@42.387366,-71.201479,17z/data=!3m1!5s0x89e39d5a9a6e04fb:0x20f7cf011f7456de!4m14!1m7!3m6!1s0x89e39d6bdf23769b:0x2615ec336ed94e41!2sCentral+Rock+Gym!8m2!3d42.3873656!4d-71.2014795!16s%2Fg%2F11fjtbhlxk!3m5!1s0x89e39d6bdf23769b:0x2615ec336ed94e41!8m2!3d42.3873656!4d-71.2014795!16s%2Fg%2F11fjtbhlxk?hl=en&entry=ttu",Bouldering,NA,NA,No,,NA,NA,NA,NA,NA,NA,NA,NA,,NA,NA,NA,NA,NA,NA,NA,NA,NA,NA,NA,,,NA,NA,NA,NA,NA,NA
2024-02-15T12:31:13Z,gus.lipkin@gmail.com,CRG Stoneham,https://centralrockgym.com/stoneham/,17814382905,"https://www.google.com/maps/place/Central+Rock+Gym/@42.4776725,-71.1109632,17z/data=!3m1!4b1!4m6!3m5!1s0x89e37544520ba279:0xc25aed0aebe44574!8m2!3d42.4776725!4d-71.1109632!16s%2Fg%2F11g3wy7dt9?hl=en&entry=ttu","Bouldering, Top Rope, Lead, Auto Belay",NA,45,No,,NA,NA,NA,NA,30,NA,NA,NA,,NA,NA,NA,NA,NA,NA,NA,NA,NA,NA,NA,,,NA,NA,NA,"Cardio Machines, Free Weights, Weight Machines, Yoga Studio",NA,NA
2024-02-15T12:18:47Z,gus.lipkin@gmail.com,CRG Randolph,https://centralrockgym.com/randolph/,17818852120,"https://www.google.com/maps/place/Central+Rock+Gym/@42.1995458,-71.0665039,17z/data=!3m1!4b1!4m6!3m5!1s0x89e4827612041f2d:0xe4cb071396a4df86!8m2!3d42.1995458!4d-71.0665039!16s%2Fg%2F11bw7d92p3?hl=en&entry=ttu","Bouldering, Top Rope, Lead, Auto Belay",17,45,Yes,,NA,NA,NA,NA,NA,NA,NA,NA,,NA,NA,NA,NA,NA,NA,NA,NA,NA,NA,NA,,,NA,NA,NA,"Cardio Machines, Free Weights, Weight Machines, Yoga Studio",NA,NA
2024-02-15T12:16:06Z,gus.lipkin@gmail.com,CRG Harvard Square,https://centralrockgym.com/harvard-square/,16177143024,"https://www.google.com/maps/place/Central+Rock+Gym/@42.3731581,-71.1202262,18z/data=!3m1!4b1!4m6!3m5!1s0x89e377265725427d:0x79f36988e6bf2948!8m2!3d42.3731581!4d-71.1202262!16s%2Fg%2F11s8b6xhcj?hl=en&entry=ttu",Bouldering,NA,NA,No,,NA,NA,NA,NA,NA,NA,NA,NA,,NA,NA,NA,NA,NA,NA,NA,NA,NA,NA,NA,,,NA,NA,NA,"Cardio Machines, Free Weights, Yoga Studio",NA,NA
2024-02-15T12:12:27Z,gus.lipkin@gmail.com,CRG Fenway,https://centralrockgym.com/fenway/,18577534566,"https://www.google.com/maps/place/Central+Rock+Gym/@42.347261,-71.100694,17z/data=!4m6!3m5!1s0x89e37933c1b57123:0x6d06b716294fb982!8m2!3d42.3472609!4d-71.1006936!16s%2Fg%2F11t71szgmx?hl=en&entry=ttu",Bouldering,NA,NA,No,,NA,NA,NA,NA,NA,NA,NA,NA,,NA,NA,NA,NA,NA,NA,NA,NA,NA,NA,NA,,,NA,NA,NA,"Cardio Machines, Free Weights",NA,NA
2024-02-15T12:04:41Z,gus.lipkin@gmail.com,CRG Cambridge,https://centralrockgym.com/cambridge/,16177145254,"https://www.google.com/maps/place/Central+Rock+Gym/@42.390772,-71.139885,14z/data=!3m1!5s0x89e377095fe37359:0x899686ea54611674!4m14!1m7!3m6!1s0x89e3778ec92f43cf:0x516afe5190abc995!2sCentral+Rock+Gym!8m2!3d42.3907723!4d-71.1398849!16s%2Fg%2F11sts1sw5b!3m5!1s0x89e3778ec92f43cf:0x516afe5190abc995!8m2!3d42.3907723!4d-71.1398849!16s%2Fg%2F11sts1sw5b?hl=en&entry=ttu","Bouldering, Treadwall",15,NA,Yes,,NA,NA,Adjustable,NA,NA,NA,NA,NA,,NA,NA,NA,NA,NA,NA,NA,NA,NA,NA,NA,,,NA,NA,NA,"Cardio Machines, Free Weights, Weight Machines",NA,NA
2024-02-15T11:56:12Z,gus.lipkin@gmail.com,CRG North Station,https://centralrockgym.com/northstation/,16172271087,"https://www.google.com/maps/place/Central+Rock+Gym/@42.356176,-71.1209971,13z/data=!4m10!1m2!2m1!1scrg+north+station!3m6!1s0x89e37109bb8e2429:0x4cd3da10c78b118c!8m2!3d42.3651059!4d-71.058902!15sChFjcmcgbm9ydGggc3RhdGlvbiIDiAEBWhMiEWNyZyBub3J0aCBzdGF0aW9ukgEUcm9ja19jbGltYmluZ19jZW50cmWaASNDaFpEU1VoTk1HOW5TMFZKUTBGblNVTlNhRjl0T1UxUkVBReABAA!16s%2Fg%2F11h632jgn1?entry=ttu",Bouldering,NA,NA,No,,NA,NA,NA,NA,NA,NA,NA,NA,,NA,NA,NA,NA,NA,NA,NA,NA,NA,NA,NA,,,NA,NA,NA,"Cardio Machines, Free Weights",NA,NA
2024-02-15T10:29:57Z,gus.lipkin@gmail.com,CRG Arsenal Yards,https://centralrockgym.com/arsenalyards/,16177440876,"https://www.google.com/maps/place/Central+Rock+Gym/@42.3658256,-71.1880191,15z/data=!3m1!5s0x89e3782f0c80549b:0x3b6bfb1f3229de1f!4m10!1m2!2m1!1scrg+arsenal+yards!3m6!1s0x89e37945220680d1:0xe4987913f615c3e6!8m2!3d42.3621233!4d-71.1567809!15sChFjcmcgYXJzZW5hbCB5YXJkcyIDiAEBWhMiEWNyZyBhcnNlbmFsIHlhcmRzkgEUcm9ja19jbGltYmluZ19jZW50cmXgAQA!16s%2Fg%2F11t85qnk9d?entry=ttu","Top Rope, Lead, Auto Belay",NA,40,No,,NA,NA,NA,NA,NA,NA,NA,NA,,NA,NA,NA,NA,NA,NA,NA,NA,NA,NA,NA,,,NA,NA,NA,NA,NA,NA
2024-02-08T11:00:00Z,gus.lipkin@gmail.com,CRG Hadley,https://centralrockgym.com/hadley/,14135847625,"https://www.google.com/maps/place/Central+Rock+Gym/@42.3420669,-72.5870655,17z/data=!3m1!4b1!4m6!3m5!1s0x89e6d11a321865c1:0x24134bc7f36a19ee!8m2!3d42.3420669!4d-72.5844906!16s%2Fg%2F1v_ndjht?entry=ttu","Bouldering, Top Rope, Lead, Auto Belay",17,42,Yes,,NA,NA,Adjustable,NA,NA,NA,NA,NA,,NA,NA,NA,NA,NA,NA,Adjustable,NA,NA,NA,NA,,,NA,NA,NA,"Cardio Machines, Free Weights, Weight Machines, Yoga Studio",NA,NA
2024-02-08T10:18:39Z,gus.lipkin@gmail.com,CRG Framingham,https://centralrockgym.com/framingham/,17747775637,"https://www.google.com/maps/place/Central+Rock+Gym/@42.3187001,-71.3976053,15z/data=!4m6!3m5!1s0x89e388bc62f3af3d:0xd01f8cdfc3b57caf!8m2!3d42.3187001!4d-71.3976053!16s%2Fg%2F11gf1kjydf?entry=ttu",Bouldering,17,NA,No,,Adjustable,NA,NA,NA,NA,NA,NA,NA,,NA,NA,NA,NA,NA,NA,NA,NA,NA,NA,NA,,,NA,NA,NA,"Cardio Machines, Free Weights, Weight Machines, Yoga Studio",NA,NA
